<?xml version="1.0" encoding="UTF-8"?>
<!DOCTYPE properties SYSTEM "http://java.sun.com/dtd/properties.dtd">
<properties>
	<comment>EMPLOYEE SQL</comment>
	<entry key="findAll">
		SELECT
				  EMP_ID
				, EMP_NAME
				, SALARY
				, DEPT_TITLE
				, JOB_NAME
		FROM
				EMPLOYEE
		JOIN
				JOB USING(JOB_CODE)
		JOIN
				DEPARTMENT ON (DEPT_CODE = DEPT_ID)
	</entry>
	<entry key="findByDep">
		SELECT
		EMP_ID
		, EMP_NAME
		, SALARY
		, DEPT_TITLE
		, JOB_NAME
		FROM
		EMPLOYEE
		JOIN
		JOB USING(JOB_CODE)
		JOIN
		DEPARTMENT ON (DEPT_CODE = DEPT_ID)
		WHERE

	</entry>
	<entry key="findByPos">
		SELECT
		EMP_ID
		, EMP_NAME
		, SALARY
		, DEPT_TITLE
		, JOB_NAME
		FROM
		EMPLOYEE
		JOIN
		JOB USING(JOB_CODE)
		JOIN
		DEPARTMENT ON (DEPT_CODE = DEPT_ID)
		WHERE

	</entry>
	<entry key="findByNum">
		SELECT
		EMP_ID
		, EMP_NAME
		, SALARY
		, DEPT_TITLE
		, JOB_NAME
		FROM
		EMPLOYEE
		JOIN
		JOB USING(JOB_CODE)
		JOIN
		DEPARTMENT ON (DEPT_CODE = DEPT_ID)
		WHERE

	</entry>
	<entry key="salBest5">
		SELECT
		EMP_ID
		, EMP_NAME
		, SALARY
		, DEPT_TITLE
		, JOB_NAME
		FROM
		EMPLOYEE
		JOIN
		JOB USING(JOB_CODE)
		JOIN
		DEPARTMENT ON (DEPT_CODE = DEPT_ID)
		ORDER
		BY
		SALARY DESC

	</entry>
	<entry key="salWorst5">
		SELECT
		EMP_ID
		, EMP_NAME
		, SALARY
		, DEPT_TITLE
		, JOB_NAME
		FROM
		EMPLOYEE
		JOIN
		JOB USING(JOB_CODE)
		JOIN
		DEPARTMENT ON (DEPT_CODE = DEPT_ID)
		ORDER
		BY
		SALARY ASC
	</entry>
	<entry key="insert">
		INSERT
		INTO
		EMPLOYEE
		(
		EMP_ID
		, EMP_NAME
		, SALARY
		, DEPT_TITLE
		, JOB_NAME
		)
		VALUES
		(
		?
		, ?
		, ?
		, ?
		, ?
		)



	</entry>
	<entry key="update">
	</entry>
	<entry key="delete">
	</entry>


</properties>

